问题类型,桶号,批次编号,联单编号,台账编号,详情,建议,已解决,处理结果
重复桶号,T-102,,,"L002, L011","桶号 T-102 在台账中出现 2 次（条目: L002, L011）",请核实是否为录入错误或同一桶多次称重；若为后者，需在桶号后添加后缀区分,否,
缺联单,T-103,B-202506-002,,L003,台账条目 L003（桶号 T-103）缺少关联的转移联单编号,请补充联单编号，或确认该废物尚未转移,否,
缺联单,T-106,B-202506-005,LD-2025-0600,L014,台账条目 L014（桶号 T-106）关联联单 LD-2025-0600 在联单表中不存在,请核实联单编号是否录入有误,否,
重量不平,T-104,B-202506-002,LD-2025-0602,,联单 LD-2025-0602 总重 244.00kg，关联台账条目合计 118.20kg，差异 125.80kg,请核实称重单是否被贴错批次，或检查是否有遗漏/多余的台账条目,否,
重量不平,T-105,B-202506-003,LD-2025-0606,,联单 LD-2025-0606 总重 229.20kg，关联台账条目合计 108.70kg，差异 120.50kg,请核实称重单是否被贴错批次，或检查是否有遗漏/多余的台账条目,否,
跨月暂存,T-301,,,,桶号 T-301 产生于 2025-05，转移于 2025-06，存在跨月暂存,跨月暂存需在台账备注中说明暂存原因和存放期限,否,
联单作废,T-102,B-202506-004,LD-2025-0607,,联单 LD-2025-0607 已作废，但仍有台账条目（桶号 T-102）关联该联单,联单作废原因：重复开单；请为关联台账条目更换有效联单或标注说明,否,
称重单位不一致,,B-202506-001,,,"批次 B-202506-001 内存在多种称重单位: ton, kg",建议统一为同一单位（推荐kg），并在备注中说明换算关系,否,
称重单位不一致,T-401,B-202506-001,LD-2025-0608,,桶号 T-401 台账单位为 ton，联单 LD-2025-0608 单位为 kg,称重单位不一致，已自动换算比对；建议统一记录单位并保留换算说明,否,
