source,preferred,status,alternatives,forbidden,context,exceptions,case_sensitive,match_plural,word_boundary,priority,notes
Transcoder,转码器,standard,转码程序;转码工具,编码器;编码工具,,,false,true,true,5,课程S2统一译名
Keyframe,关键帧,standard,关键影格,I帧;I-Frame;内部帧,,第1章=关键画面,false,true,true,4,第1章回顾篇保留旧译名
Neural Network,神经网络,standard,,神经网;NN模型,,第5章=神经网路,false,true,false,3,台版第5章沿用繁体旧译
GPU,GPU,standard,图形处理器;显示卡,显卡;绘图卡,,,true,false,true,3,作为专有名词保留大写
Pipeline,流水线,standard,管线;工作流,管道;链路,,,false,true,true,2,
Tensor,张量,needs_review,,张量器;Tensor运算,计算图,,false,true,true,3,仅在涉及计算图上下文时译张量
Dataset,数据集,standard,资料集;数据集合,数据组,,第2章=资料集,false,true,true,2,
Gradient Descent,梯度下降,standard,,梯度递减;最速下降法,,,false,true,true,3,
Batch Normalization,批量归一化,standard,,批归一化;批标准化;BN,BN层,,false,true,false,4,禁止使用缩写 BN
