订单号,行号,物料编码,供应商,承诺交期,承诺数量,批次号,来源,备注
PO20260601,,MAT001,深圳市华强电子有限公司,2026-06-12,10000,,2026-06-05邮件回复,
PO20260602,,MAT002,苏州精密模具制造有限公司,2026-06-17,3000,BATCH1,2026-06-08邮件,分两批交货
PO20260602,,MAT002,苏州精密模具制造有限公司,本周五,2000,BATCH2,2026-06-10邮件确认分批,分批交付第2批
PO20260603,,MAT003,上海五金材料股份有限公司,2026-06-19,20000,,2026-06-12微信,
PO20260603-2,,MAT003,上海五金材料股份有限公司,2026-06-26,,,2026-06-15电话,
PO20260604,,MAT004,东莞市塑胶制品厂,2026-06-23,,,2026-06-16邮件,
PO20260606,,MAT006,佛山市陶瓷建材集团,下周五,,,2026-06-17邮件,
PO20260607,,MAT007,东莞市塑胶制品厂,2026-07-02,,,,
PO20260608,,MAT008,杭州电子元器件有限公司,2026-07-08,,,,
